{
    "wd": [
        0,
        1e-5,
        1e-4,
        1e-3,
        1e-2,
        1e-1
    ],
    "lr": [
        1e-7,
        0.00001,
        0.00005,
        0.0001,
        0.0005
    ],
    "hidden":[
        64,
        128,
        256
    ],
    "dropout":[
        0.1,
        0.3,
        0.5,
        0.7,
        0.9
    ],
    "glognn_alpha":[
        0.1,
        0.3,
        0.5,
        0.7,
        0.9
    ],
    "glognn_beta1":[
        0,
        0.1,
        1.0
    ],
    "glognn_beta2":[
        0.1,
        1.0
    ],
    "glognn_gamma":[
        0.1,
        0.3,
        0.5,
        0.7,
        0.9
    ],
    "norm_layers":[
        1,
        2
    ],
    "orders":[
        1,
        2,
        3
    ]
}